Workbook

Sheet Summary
A2: P-Vendor Performance Summary Totals
A3: Metric | B3: Program Status | C3: Total Lines | D3: Compliant Lines | E3: Non-Compliant Lines | F3: Offsets Pre-Dispute | G3: Offsets Post-Dispute | H3: Disputed Lines | I3: Approved Lines | J3: Denied Lines
A4: FILL RATE | B4: Pending Supplier | C4: 389 | D4: 375 | E4: 1 | F4: 404.99 | G4: -- | H4: 0 | I4: -- | J4: --
A5: ON TIME | B5: Pending Supplier | C5: 3 | D5: 3 | E5: 9 | F5: 9022.91 | G5: -- | H5: 0 | I5: -- | J5: --
A6: ASNT LATE ASN | B6: Pending Supplier | C6: -- | D6: -- | E6: 3 | F6: 750 | G6: 750 | H6: 0 | I6: 0 | J6: 0
A7: ASNT TMS UTIL | B7: Pending Supplier | C7: -- | D7: -- | E7: 5 | F7: 500 | G7: 500 | H7: 0 | I7: 0 | J7: 0
A9: M-Vendor:20377
A10: Metric | B10: Total Lines | C10: Compliant Lines | D10: Non-Compliant Lines | E10: Offsets Pre-Dispute | F10: Offsets Post-Dispute | G10: Disputed Lines | H10: Approved Lines | I10: Denied Lines | J10: Threshold | K10: Pre-Dispute Performance | L10: Post-Dispute Performance
A11: FILL RATE | B11: 389 | C11: 375 | D11: 14 | E11: 404.99 | F11: -- | G11: 0 | H11: -- | I11: -- | J11: 98 | K11: 96.4 | L11: --
A12: ON TIME | B12: 12 | C12: 3 | D12: 9 | E12: 9022.91 | F12: -- | G12: 0 | H12: -- | I12: -- | J12: 90 | K12: 25 | L12: --

Sheet Fill Rate
A2: Fiscal Month | B2: P-Vendor # | C2: M-Vendor # | D2: M-Vendor Name | E2: Dept Number | F2: PO Number | G2: PO Create Date | H2: Expected Arrival Date | I2: DC Number | J2: SKU Number | K2: Vendor SKU | L2: SKU Description | M2: Ordered Quantity | N2: Received Quantity | O2: Fill Rate | P2: Offset | Q2: Program Status
A3: 202407 | B3: 875062 | C3: 20377 | D3: JS PRODUCTS | E3: 23 | F3: 2015449080 | G3: 07/18/2024 | H3: 08/03/2024 | I3: 5034 - RDC - BREINIGSVILLE | J3: 1003043946 | K3: 56829 | L3: DEWALT 6FT STORAGE RACK | M3: 114 | N3: 114 | O3: 100 | P3: 0
A4: 202407 | B4: 875062 | C4: 20377 | D4: JS PRODUCTS | E4: 23 | F4: 2015449293 | G4: 07/18/2024 | H4: 08/03/2024 | I4: 5851 - RDC - JOLIET | J4: 1003043946 | K4: 56829 | L4: DEWALT 6FT STORAGE RACK | M4: 61 | N4: 61 | O4: 100 | P4: 0
A5: 202407 | B5: 875062 | C5: 20377 | D5: JS PRODUCTS | E5: 23 | F5: 2015449308 | G5: 07/18/2024 | H5: 08/03/2024 | I5: 5639 - RDC - SALEM, OR | J5: 1003043946 | K5: 56829 | L5: DEWALT 6FT STORAGE RACK | M5: 44 | N5: 44 | O5: 100 | P5: 0
A6: 202407 | B6: 875062 | C6: 20377 | D6: JS PRODUCTS | E6: 23 | F6: 2015449336 | G6: 07/18/2024 | H6: 08/03/2024 | I6: 5023 - RDC - DALLAS | J6: 1003043977 | K6: 56831 | L6: DEWALT 4FT RACK W/ SOLID | M6: 39 | N6: 39 | O6: 100 | P6: 0
A7: 202407 | B7: 875062 | C7: 20377 | D7: JS PRODUCTS | E7: 23 | F7: 2017688169 | G7: 07/25/2024 | H7: 08/10/2024 | I7: 5034 - RDC - BREINIGSVILLE | J7: 1003043946 | K7: 56829 | L7: DEWALT 6FT STORAGE RACK | M7: 10 | N7: 10 | O7: 100 | P7: 0
A8: 202407 | B8: 875062 | C8: 20377 | D8: JS PRODUCTS | E8: 23 | F8: 2017688341 | G8: 07/25/2024 | H8: 08/10/2024 | I8: 5023 - RDC - DALLAS | J8: 1003043977 | K8: 56831 | L8: DEWALT 4FT RACK W/ SOLID | M8: 2 | N8: 2 | O8: 100 | P8: 0
A9: 202407 | B9: 875062 | C9: 20377 | D9: JS PRODUCTS | E9: 23 | F9: 2017688426 | G9: 07/25/2024 | H9: 08/10/2024 | I9: 5639 - RDC - SALEM, OR | J9: 1003043946 | K9: 56829 | L9: DEWALT 6FT STORAGE RACK | M9: 13 | N9: 13 | O9: 100 | P9: 0
A10: 202407 | B10: 875062 | C10: 20377 | D10: JS PRODUCTS | E10: 23 | F10: 2019995325 | G10: 08/01/2024 | H10: 08/17/2024 | I10: 5034 - RDC - BREINIGSVILLE | J10: 1003043946 | K10: 56829 | L10: DEWALT 6FT STORAGE RACK | M10: 21 | N10: 21 | O10: 100 | P10: 0
A11: 202407 | B11: 875062 | C11: 20377 | D11: JS PRODUCTS | E11: 23 | F11: 2019995466 | G11: 08/01/2024 | H11: 08/17/2024 | I11: 5023 - RDC - DALLAS | J11: 1003043977 | K11: 56831 | L11: DEWALT 4FT RACK W/ SOLID | M11: 11 | N11: 11 | O11: 100 | P11: 0
A12: 202407 | B12: 875062 | C12: 20377 | D12: JS PRODUCTS | E12: 23 | F12: 2022158234 | G12: 08/08/2024 | H12: 08/24/2024 | I12: 5851 - RDC - JOLIET | J12: 1003043946 | K12: 56829 | L12: DEWALT 6FT STORAGE RACK | M12: 10 | N12: 10 | O12: 100 | P12: 0
A13: 202407 | B13: 875062 | C13: 20377 | D13: JS PRODUCTS | E13: 23 | F13: 2022158374 | G13: 08/08/2024 | H13: 08/24/2024 | I13: 5023 - RDC - DALLAS | J13: 1003043977 | K13: 56831 | L13: DEWALT 4FT RACK W/ SOLID | M13: 46 | N13: 46 | O13: 100 | P13: 0
A14: 202407 | B14: 875062 | C14: 20377 | D14: JS PRODUCTS | E14: 23 | F14: 2022158466 | G14: 08/08/2024 | H14: 08/24/2024 | I14: 5034 - RDC - BREINIGSVILLE | J14: 1003043946 | K14: 56829 | L14: DEWALT 6FT STORAGE RACK | M14: 18 | N14: 4 | O14: 22.22 | P14: 404.99

Sheet On Time
A2: PO Number | B2: PO Create Date | C2: Pack Slip ID | D2: Vendor SKU | E2: Estimated Ship Date | F2: Estimated Delivery Date | G2: WMS Create Date | H2: Waved Date | I2: Waved Time | J2: CS rep | K2: Days to Wave (Wave Date - PO Create Date) | L2: RTS Sent | M2: Days taken to RTS After Wave | N2: # of Days - RTS Before ESD (2+ Req) | O2: Pick Up Request Date | P2: BOL Number | Q2: TMS ID #/Freight Bill # | R2: Shipment ID from TMS | S2: Trailer Check-In | T2: Offset | U2: Shipment Number | V2: Actual Shipment Date | W2: ASN Transmission Timestamp | X2: Est. Days Late | Y2: Shipped: # of Days After Order Receipt | Z2: WMS Ship Date | AA2: WMS Ship Time | AB2: Criteria #1 | AC2: Criteria #2 | AD2: Criteria #3
A3: 2015449080 | B3: 07/18/2024 | C3: 3-FUT995081-2:1 | D3: 56829 | E3: 07/24/2024 | F3: 08/03/2024 | G3: 45492 | H3: 45492.59 | I3: 0.59027778 | J3: cmurphy | K3: =H3-B3 -> 1.5902778 | L3: 07/23/2024 02:05 PM | M3: =L3-H3 -> 3.9965278 | N3: =ROUND(E3-L3,0) -> 0 | O3: 07/24/2024 | P3: 227247090 | Q3: 227247090 | R3: 227247090 | S3: 08/02/2024 05:56 PM | T3: 3297.79 | U3: 43860349 | V3: 07/26/2024 | W3: 07/31/2024 02:47 PM | X3: =V3-E3 -> 2 | Y3: =V3-B3 -> 8 | Z3: 45499 | AA3: 0.26805556 | AB3: =ROUND(ROUND(E3-L3,0),0)>=2 -> FALSE | AC3: =O3=E3 -> TRUE | AD3: =Q3*1=R3*1 -> TRUE
A4: 2015449293 | B4: 07/18/2024 | C4: 3-FUT995255-2:1 | D4: 56829 | E4: 07/24/2024 | F4: 08/03/2024 | G4: 45492 | H4: 45492.59 | I4: 0.59027778 | J4: cmurphy | K4: =H4-B4 -> 1.5902778 | L4: 07/23/2024 02:03 PM | M4: =L4-H4 -> 3.9951389 | N4: =ROUND(E4-L4,0) -> 0 | O4: 07/24/2024 | P4: 227247090 | Q4: 227247090 | R4: 227247090 | S4: 07/30/2024 10:35 AM | T4: 1764.61 | U4: 43860349 | V4: 07/26/2024 | W4: 07/31/2024 02:47 PM | X4: =V4-E4 -> 2 | Y4: =V4-B4 -> 8 | Z4: 45499 | AA4: 0.26805556 | AB4: =ROUND(ROUND(E4-L4,0),0)>=2 -> FALSE | AC4: =O4=E4 -> TRUE | AD4: =Q4*1=R4*1 -> TRUE
A5: 2015449308 | B5: 07/18/2024 | C5: 0-FUT995082-2:1 | D5: 56829 | E5: 07/24/2024 | F5: 08/03/2024 | G5: 45491 | H5: 45495.535 | I5: 0.53472222 | J5: cmurphy | K5: =H5-B5 -> 4.5347222 | L5: 07/23/2024 10:07 AM | M5: =L5-H5 -> 0.88680556 | N5: =ROUND(E5-L5,0) -> 1 | O5: 07/24/2024 | P5: 227239709 | Q5: 227239709 | R5: 227239709 | S5: 07/29/2024 06:04 PM | T5: 1272.83 | U5: 43826773 | V5: 07/30/2024 | W5: 07/24/2024 03:53 PM | X5: =V5-E5 -> 6 | Y5: =V5-B5 -> 12 | Z5: 45497 | AA5: 0.42777778 | AB5: =ROUND(ROUND(E5-L5,0),0)>=2 -> FALSE | AC5: =O5=E5 -> TRUE | AD5: =Q5*1=R5*1 -> TRUE
A6: 2015449336 | B6: 07/18/2024 | C6: 3-FUT995083-2:1 | D6: 56831 | E6: 07/24/2024 | F6: 08/03/2024 | G6: 45492 | H6: 45492.59 | I6: 0.59027778 | J6: cmurphy | K6: =H6-B6 -> 1.5902778 | L6: 07/23/2024 02:06 PM | M6: =L6-H6 -> 3.9972222 | N6: =ROUND(E6-L6,0) -> 0 | O6: 07/24/2024 | P6: 227247090 | Q6: 227247090 | R6: 227247090 | S6: 08/02/2024 12:49 PM | T6: 680.55 | U6: 43860349 | V6: 07/26/2024 | W6: 07/31/2024 02:47 PM | X6: =V6-E6 -> 2 | Y6: =V6-B6 -> 8 | Z6: 45499 | AA6: 0.26805556 | AB6: =ROUND(ROUND(E6-L6,0),0)>=2 -> FALSE | AC6: =O6=E6 -> TRUE | AD6: =Q6*1=R6*1 -> TRUE
A7: 2019995325 | B7: 08/01/2024 | C7: 3-FUT997173-2:1 | D7: 56829 | E7: 08/07/2024 | F7: 08/17/2024 | G7: 45509 | H7: 45509.41 | I7: 0.40972222 | J7: cmurphy | K7: =H7-B7 -> 4.4097222 | L7: 08/05/2024 01:53 PM | M7: =L7-H7 -> 0.16875 | N7: =ROUND(E7-L7,0) -> 1 | O7: 08/07/2024 | P7: 00000000028388753 | Q7: 227341752 | R7: 227341752 | S7: 08/13/2024 07:57 PM | T7: 607.49 | U7: 43901044 | V7: 08/08/2024 | W7: 08/08/2024 02:04 PM | X7: =V7-E7 -> 1 | Y7: =V7-B7 -> 7 | Z7: 45512 | AA7: 0.37916667 | AB7: =ROUND(ROUND(E7-L7,0),0)>=2 -> FALSE | AC7: =O7=E7 -> TRUE | AD7: =Q7*1=R7*1 -> TRUE
A8: 2019995466 | B8: 08/01/2024 | C8: 3-FUT997174-2:1 | D8: 56831 | E8: 08/07/2024 | F8: 08/17/2024 | G8: 45509 | H8: 45509.41 | I8: 0.40972222 | J8: cmurphy | K8: =H8-B8 -> 4.4097222 | L8: 08/06/2024 02:19 PM | M8: =L8-H8 -> 1.1868056 | N8: =ROUND(E8-L8,0) -> 0 | O8: 08/07/2024 | P8: 00000000028395713 | Q8: 227350441 | R8: 227350441 | S8: 08/16/2024 12:29 PM | T8: 191.95 | U8: 43906973 | V8: 08/14/2024 | W8: 08/09/2024 11:05 AM | X8: =V8-E8 -> 7 | Y8: =V8-B8 -> 13 | Z8: 45513 | AA8: 0.30555556 | AB8: =ROUND(ROUND(E8-L8,0),0)>=2 -> FALSE | AC8: =O8=E8 -> TRUE | AD8: =Q8*1=R8*1 -> TRUE
A9: 2022158234 | B9: 08/08/2024 | C9: 3-FUT998329-2:1 | D9: 56829 | E9: 08/14/2024 | F9: 08/24/2024 | G9: 45516 | H9: 45516.389 | I9: 0.38888889 | J9: cmurphy | K9: =H9-B9 -> 4.3888889 | L9: 08/13/2024 12:54 PM | M9: =L9-H9 -> 1.1486111 | N9: =ROUND(E9-L9,0) -> 0 | O9: 08/14/2024 | P9: 00000000028440239 | Q9: 227406187 | R9: 227406187 | S9: 08/21/2024 12:45 PM | T9: 289.28 | U9: 43940455 | V9: 08/16/2024 | W9: 08/16/2024 09:49 AM | X9: =V9-E9 -> 2 | Y9: =V9-B9 -> 8 | Z9: 45520 | AA9: 0.27291667 | AB9: =ROUND(ROUND(E9-L9,0),0)>=2 -> FALSE | AC9: =O9=E9 -> TRUE | AD9: =Q9*1=R9*1 -> TRUE
A10: 2022158374 | B10: 08/08/2024 | C10: 3-FUT998330-2:1 | D10: 56831 | E10: 08/14/2024 | F10: 08/24/2024 | G10: 45516 | H10: 45516.389 | I10: 0.38888889 | J10: cmurphy | K10: =H10-B10 -> 4.3888889 | L10: 08/13/2024 12:56 PM | M10: =L10-H10 -> 1.15 | N10: =ROUND(E10-L10,0) -> 0 | O10: 08/14/2024 | P10: 00000000028440246 | Q10: 227406187 | R10: 227406187 | S10: 08/22/2024 06:09 AM | T10: 802.7 | U10: 43940457 | V10: 08/16/2024 | W10: 08/16/2024 09:49 AM | X10: =V10-E10 -> 2 | Y10: =V10-B10 -> 8 | Z10: 45520 | AA10: 0.27638889 | AB10: =ROUND(ROUND(E10-L10,0),0)>=2 -> FALSE | AC10: =O10=E10 -> TRUE | AD10: =Q10*1=R10*1 -> TRUE
A11: 2022158466 | B11: 08/08/2024 | C11: 3-FUT998332-2:1 | D11: 56829 | E11: 08/14/2024 | F11: 08/24/2024 | G11: 45516 | H11: 45516.389 | I11: 0.38888889 | J11: cmurphy | K11: =H11-B11 -> 4.3888889 | L11: 08/13/2024 12:53 PM | M11: =L11-H11 -> 1.1479167 | N11: =ROUND(E11-L11,0) -> 0 | O11: 08/14/2024 | P11: 00000000028440222 | Q11: 227406187 | R11: 227406187 | S11: 08/22/2024 03:58 AM | T11: 115.71 | U11: 43940456 | V11: 08/16/2024 | W11: 08/16/2024 09:49 AM | X11: =V11-E11 -> 2 | Y11: =V11-B11 -> 8 | Z11: 45520 | AA11: 0.26736111 | AB11: =ROUND(ROUND(E11-L11,0),0)>=2 -> FALSE | AC11: =O11=E11 -> TRUE | AD11: =Q11*1=R11*1 -> TRUE
C15: Appendix A - Key Terms
B16: 5 | C16: Vendor Turn Time (VTT): Measures the time in business days it takes for product to ship from the supplier’s facility (PO create date to ASN ship date).
B17: 15 | C17: Stated Lead Time: The number of days listed on a supplier’s Supplier Buying Agreement indicating how long it should take the product to arrive at the store once the PO is placed.
C18: Total Lead Time: The number of days it takes for the product to arrive at the store once the PO is placed (PO create date to keyrec date).
C20: Appendix B – VTT Details | K20: *Criteria:
C21: Ship By Date = PO Transmission Date + Vendor Turn Time (Business Days Only) | K21: Mark the PO “Ready To Ship” in TMS by 11am local time, 2 business days prior to the PO Ship by Date. For EDI mapping purposes, the PO “Ship by Date” can be found in the DTM*038 segment of the EDI 850 PO transmission.
C22: If the EDI PO is transmitted before 6 a.m. EST, VTT day 1 begins that day | K22: Enter a “Pickup Request Date” in TMS equal to the “Ship by Date” on the PO Note: Any change in the “Pickup Request Date” after initial RTS submission must be coordinated with your THD Transportation Planner. THD’s carriers will not adjust pickup dates without THD’s involvement. Transportation planner contact information is included in the Planner Map document on the Transportation Management section of Supplier Hub.
C23: If the EDI PO is transmitted after 6 a.m. EST, VTT day 1 begins the next day | K23: The supplier populates the freight bill field of the ASN (REF*CN segment) with the correct TMS Shipment ID number; the Shipment ID number is available in TMS after the RTS is submitted and the carrier accepts the shipment. Please note: Populating this information is critical because this correctly associates a shipment in both TMS and on the ASN.
C24: Deliver By Date = Vendor Turn Time + Transit Time
C25: If the EDI PO is transmitted on the weekend, VTT day 1 begins on Monday 1 (Calendar Days)
C26: If a Store PO delivery date falls on a weekend, the delivery date will be moved to the following Monday
C27: Weekend Logic:
C29: If the Vendor Turn Time (VTT) falls on or spans a weekend, Saturday and Sunday will not be part of the VTT calculation.

Sheet ASNT MISSING ASN
A1: Data
A2: ASNT MISSING ASN:RESULT DATA EMPTY

Sheet ASNT TMS UTIL
A2: Assessed Fscl Prd | B2: P-Vendor # | C2: Offset Type | D2: Offset Amt | E2: Loc Nbr | F2: First Check In TS | G2: ASN Received Timestamp | H2: Freight Bill # (Ref *CN) | I2: PO Number | J2: PO Create Date | K2: M-Vendor # | L2: Shipment ID from TMS
A3: 202407 | B3: 875062 | C3: TMS Utilization | D3: 100 | E3: 5084 | F3: 07/26/2024 06:00 PM | G3: 07/31/2024 08:20 AM | H3: 227284602 | I3: 2015449293 | J3: 07/18/2024 | K3: 20377 | L3: 227247090
A4: 202407 | B4: 875062 | C4: TMS Utilization | D4: 100 | E4: 5084 | F4: 07/26/2024 06:00 PM | G4: 07/30/2024 01:27 PM | H4: 227284599 | I4: 2015449080 | J4: 07/18/2024 | K4: 20377 | L4: 227247090
A5: 202407 | B5: 875062 | C5: TMS Utilization | D5: 100 | E5: 5084 | F5: 07/26/2024 06:00 PM | G5: 07/31/2024 12:37 AM | H5: 227284585 | I5: 2015449336 | J5: 07/18/2024 | K5: 20377 | L5: 227247090
A6: 202407 | B6: 875062 | C6: TMS Utilization | D6: 100 | E6: 5087 | F6: 08/02/2024 04:34 PM | G6: 08/06/2024 11:30 PM | H6: 08700394457 | I6: 2017688426 | J6: 07/25/2024 | K6: 20377 | L6: 227281514
A7: 202407 | B7: 875062 | C7: TMS Utilization | D7: 100 | E7: 5034 | F7: 07/23/2024 03:29 PM | G7: 07/23/2024 09:07 PM | H7: 15064090655 | I7: 2013095229 | J7: 07/11/2024 | K7: 20377 | L7: 227197385

Sheet ASNT LATE ASN
A2: Assessed Fscl Prd | B2: P-Vendor # | C2: Offset Type | D2: Offset Amt | E2: Loc Nbr | F2: PO Number | G2: First Check In TS | H2: ASN Received Timestamp | I2: Doc Trace ID | J2: Freight Bill # (Ref *CN) | K2: PO Number | L2: PO Create Date | M2: M-Vendor # | N2: Pre-Dispute Performance | O2: Trailer Check-In | Q2: ASN Transmission Timestamp
A3: 202407 | B3: 875062 | C3: Late ASN | D3: 250 | E3: 5034 | F3: 2013095229 | G3: 07/23/2024 03:29 PM | H3: 07/23/2024 09:07 PM | I3: 00796912a | J3: 15064090655 | K3: 2013095229 | L3: 07/11/2024 | M3: 20377 | O3: =VLOOKUP(K3,'On Time'!A:S,19,0) -> #N/A | Q3: =VLOOKUP(K3,'On Time'!A:W,23,0) -> #N/A
A4: 202407 | B4: 875062 | C4: Late ASN | D4: 250 | E4: 5084 | F4: 2015449080 | G4: 07/26/2024 06:00 PM | H4: 07/31/2024 02:47 PM | I4: 00800246 | J4: 227247090 | K4: 2015449080 | L4: 07/18/2024 | M4: 20377 | O4: =VLOOKUP(K4,'On Time'!A:S,19,0) -> 08/02/2024 05:56 PM | Q4: =VLOOKUP(K4,'On Time'!A:W,23,0) -> 07/31/2024 02:47 PM
A5: 202407 | B5: 875062 | C5: Late ASN | D5: 0 | E5: 5084 | F5: 2015449080 | G5: 07/26/2024 06:00 PM | H5: 07/30/2024 01:27 PM | J5: 227284599 | K5: 2015449080 | L5: 07/18/2024 | M5: 20377 | O5: =VLOOKUP(K5,'On Time'!A:S,19,0) -> 08/02/2024 05:56 PM | Q5: =VLOOKUP(K5,'On Time'!A:W,23,0) -> 07/31/2024 02:47 PM
A6: 202407 | B6: 875062 | C6: Late ASN | D6: 0 | E6: 5084 | F6: 2015449293 | G6: 07/26/2024 06:00 PM | H6: 07/31/2024 02:47 PM | I6: 00800246 | J6: 227247090 | K6: 2015449293 | L6: 07/18/2024 | M6: 20377 | O6: =VLOOKUP(K6,'On Time'!A:S,19,0) -> 07/30/2024 10:35 AM | Q6: =VLOOKUP(K6,'On Time'!A:W,23,0) -> 07/31/2024 02:47 PM
A7: 202407 | B7: 875062 | C7: Late ASN | D7: 0 | E7: 5084 | F7: 2015449293 | G7: 07/26/2024 06:00 PM | H7: 07/31/2024 08:20 AM | J7: 227284602 | K7: 2015449293 | L7: 07/18/2024 | M7: 20377 | O7: =VLOOKUP(K7,'On Time'!A:S,19,0) -> 07/30/2024 10:35 AM | Q7: =VLOOKUP(K7,'On Time'!A:W,23,0) -> 07/31/2024 02:47 PM
A8: 202407 | B8: 875062 | C8: Late ASN | D8: 0 | E8: 5084 | F8: 2015449336 | G8: 07/26/2024 06:00 PM | H8: 07/31/2024 02:47 PM | I8: 00800246 | J8: 227247090 | K8: 2015449336 | L8: 07/18/2024 | M8: 20377 | O8: =VLOOKUP(K8,'On Time'!A:S,19,0) -> 08/02/2024 12:49 PM | Q8: =VLOOKUP(K8,'On Time'!A:W,23,0) -> 07/31/2024 02:47 PM
A9: 202407 | B9: 875062 | C9: Late ASN | D9: 0 | E9: 5084 | F9: 2015449336 | G9: 07/26/2024 06:00 PM | H9: 07/31/2024 12:37 AM | J9: 227284585 | K9: 2015449336 | L9: 07/18/2024 | M9: 20377 | O9: =VLOOKUP(K9,'On Time'!A:S,19,0) -> 08/02/2024 12:49 PM | Q9: =VLOOKUP(K9,'On Time'!A:W,23,0) -> 07/31/2024 02:47 PM
A10: 202407 | B10: 875062 | C10: Late ASN | D10: 250 | E10: 5087 | F10: 2017688426 | G10: 08/02/2024 04:34 PM | H10: 08/06/2024 11:30 PM | J10: 08700394457 | K10: 2017688426 | L10: 07/25/2024 | M10: 20377 | O10: =VLOOKUP(K10,'On Time'!A:S,19,0) -> #N/A | Q10: =VLOOKUP(K10,'On Time'!A:W,23,0) -> #N/A

Sheet Fluid Receiving
A1: Data
A2: Fluid Receiving:RESULT DATA EMPTY
